player_id,name,year,pa,bip,ba,est_ba,est_ba_minus_ba_diff,slg,est_slg,est_slg_minus_slg_diff,est_woba,est_woba_minus_woba_diff,avg_woba,woba_2023,z_scores_avg_woba,zscore_difference
408234, Miguel Cabrera,2020.666667,502.6666667,351.3333333,0.264,0.246,0.018,0.367,0.395666667,-0.028666667,0.307,-0.007666667,0.299333333,0.29,-0.936491591,0.013928129
444482, David Peralta,2020,516.25,365.5,0.2695,0.254,0.0155,0.4485,0.39875,0.04975,0.315,0.01875,0.33375,0.301,0.175438951,-0.795254811
453568, Charlie Blackmon,2020,622.25,457.5,0.28475,0.2795,0.00525,0.477,0.449,0.028,0.34325,0.008,0.35125,0.361,0.740827363,0.290707335
455117, Martin Maldonado,2020,395.75,252.5,0.199,0.1945,0.0045,0.34525,0.33425,0.011,0.268,0.00325,0.27125,0.247,-1.843805374,-0.262225986
456781, Donovan Solano,2020.666667,292,213.6666667,0.298,0.286,0.012,0.415,0.425,-0.01,0.331,-0.001333333,0.329666667,0.342,0.043514989,0.465092032
457705, Andrew McCutchen,2020,524.5,336.75,0.2425,0.2515,-0.009,0.42725,0.431,-0.00375,0.3465,-0.00925,0.33725,0.341,0.288516634,0.192567878
457759, Justin Turner,2020,529.75,384.25,0.2895,0.27875,0.01075,0.484,0.47475,0.00925,0.364,0.00275,0.36675,0.362,1.241599955,-0.182542749
462101, Elvis Andrus,2020,548.5,427.75,0.25575,0.257,-0.00125,0.371,0.371,2.26E-17,0.29925,-0.00525,0.294,0.28,-1.10880044,-0.088988114
467793, Carlos Santana,2020,632.5,438.75,0.2315,0.252,-0.0205,0.41175,0.43925,-0.0275,0.35025,-0.0215,0.32875,0.309,0.013899405,-0.41353519
474832, Brandon Belt,2020,437.75,273.5,0.2435,0.2385,0.005,0.441,0.468,-0.027,0.34925,-0.0105,0.33875,0.365,0.336978497,0.804646237
493329, Yuli Gurriel,2020,593.5,483.75,0.2875,0.26225,0.02525,0.44775,0.37,0.07775,0.302,0.03175,0.33375,0.297,0.175438951,-0.905344848
500743, Miguel Rojas,2020,525,422.5,0.25925,0.262,-0.00275,0.36,0.35325,0.00675,0.29525,-0.004,0.29125,0.251,-1.19764719,-0.798294133
500871, Eduardo Escobar,2020,617.75,440.5,0.2585,0.24825,0.01025,0.4755,0.4435,0.032,0.32275,0.01025,0.333,0.282,0.15120802,-1.293951555
502054, Tommy Pham,2020,601.75,386.25,0.25325,0.261,-0.00775,0.41775,0.4435,-0.02575,0.34775,-0.01525,0.3325,0.345,0.135054065,0.456120484
502110, J.D. Martinez,2020,634,422.5,0.2985,0.289,0.0095,0.538,0.5475,-0.0095,0.38425,-0.00425,0.38,0.355,1.669679752,-0.803280111
502671, Paul Goldschmidt,2020,675.5,437.5,0.29025,0.2705,0.01975,0.52525,0.52475,0.0005,0.37675,0.00525,0.382,0.353,1.734295571,-0.922940948
514888, Jose Altuve,2020,607.25,459.75,0.298,0.27175,0.02625,0.50575,0.4485,0.05725,0.3455,0.02725,0.37275,0.396,1.435447411,0.559375111
516416, Jean Segura,2020,551,443,0.28775,0.26575,0.022,0.4145,0.38825,0.02625,0.3105,0.0145,0.325,0.25,-0.107255254,-1.916208578
516782, Starling Marte,2020,555.75,411.25,0.2935,0.279,0.0145,0.47225,0.45725,0.015,0.345,0.00725,0.35225,0.278,0.773135272,-2.025968844
518595, Travis d'Arnaud,2020.666667,348.6666667,245,0.246333333,0.252,-0.005666667,0.431,0.424,0.007,0.32,-0.004,0.316,0.323,-0.398026437,0.383705782
518692, Freddie Freeman,2020,700.5,494,0.30725,0.30625,0.001,0.517,0.55575,-0.03875,0.401,-0.01675,0.38425,0.412,1.806988366,0.628194304
518735, Yasmani Grandal,2020,475.25,287.75,0.23225,0.2345,-0.00225,0.43075,0.4345,-0.00375,0.35125,-0.00675,0.3445,0.291,0.522748975,-1.417789927
518792, Jason Heyward,2019.333333,476.6666667,348.3333333,0.245,0.251666667,-0.006666667,0.390333333,0.383333333,0.007,0.312,-0.004666667,0.307333333,0.342,-0.678028317,1.186635338
518934, DJ LeMahieu,2020,614,471,0.283,0.28675,-0.00375,0.42125,0.43525,-0.014,0.3465,-0.01125,0.33525,0.299,0.223900815,-0.898761693
519058, Mike Moustakas,2019.666667,501.3333333,361,0.239666667,0.237333333,0.002333333,0.44,0.423666667,0.016333333,0.318666667,0.002333333,0.321,0.333,-0.236486891,0.497391328
519203, Anthony Rizzo,2020,600.5,426,0.262,0.272,-0.01,0.4775,0.46125,0.01625,0.36275,-0.00275,0.36,0.312,1.023521568,-1.340589825
519317, Giancarlo Stanton,2020.333333,578.6666667,345.3333333,0.25,0.247666667,0.002333333,0.495666667,0.483,0.012666667,0.352666667,-0.000333333,0.352333333,0.302,0.775827598,-1.368120948
521692, Salvador Perez,2020.333333,560.6666667,400,0.254,0.26,-0.006,0.482666667,0.506666667,-0.024,0.345333333,-0.016333333,0.329,0.308,0.021976383,-0.449134677
527038, Wilmer Flores,2020,438,338.25,0.26875,0.25175,0.017,0.43625,0.3925,0.04375,0.3125,0.01825,0.33075,0.38,0.078515224,1.47594715
542194, Christian Bethancourt,2022,333,239,0.252,0.255,-0.003,0.409,0.449,-0.04,0.318,-0.017,0.301,0.274,-0.882645075,-0.480278535
542303, Marcell Ozuna,2019.666667,561.3333333,400,0.249,0.275,-0.026,0.439333333,0.502666667,-0.063333333,0.357666667,-0.037333333,0.320333333,0.355,-0.258025497,1.124425139
542932, Jon Berti,2020.666667,320.6666667,209.6666667,0.241,0.242333333,-0.001333333,0.352333333,0.353666667,-0.001333333,0.308,-0.006,0.302,0.297,-0.850337166,0.12043127
543063, Brandon Crawford,2020,540.25,374.25,0.25275,0.24125,0.0115,0.4025,0.4005,0.002,0.3135,-0.00025,0.31325,0.256,-0.486873187,-1.371455589
543068, C.J. Cron,2020,559.5,371.75,0.261,0.25625,0.00475,0.49,0.48675,0.00325,0.34875,-0.00125,0.3475,0.317,0.619672703,-0.799128414
543228, Yan Gomes,2020,365.25,256.25,0.244,0.249,-0.005,0.406,0.42225,-0.01625,0.313,-0.01225,0.30075,0.317,-0.890722052,0.711266342
543257, Robbie Grossman,2020,523.75,338,0.24025,0.237,0.00325,0.3645,0.359,0.0055,0.31425,-0.00125,0.313,0.306,-0.494950165,0.012746852
543760, Marcus Semien,2020,724.5,530.5,0.26325,0.25225,0.011,0.46925,0.432,0.03725,0.3275,0.01375,0.34125,0.349,0.41774827,0.283516315
543807, George Springer,2020,524.5,358.5,0.272,0.262,0.01,0.513,0.49525,0.01775,0.36225,0.006,0.36825,0.317,1.290061819,-1.46951753
543877, Christian Vazquez,2020,428.5,327.25,0.25375,0.24825,0.0055,0.37775,0.373,0.00475,0.29275,0.00025,0.293,0.27,-1.141108349,-0.331905298
543939, Kolten Wong,2020,486.25,355.5,0.26425,0.2395,0.02475,0.422,0.35525,0.06675,0.30125,0.029,0.33025,0.216,0.062361269,-3.021590417
545121, Ildemaro Vargas,2020.5,216.5,183,0.266,0.244,0.022,0.4025,0.338,0.0645,0.272,0.029,0.301,0.28,-0.882645075,-0.315143479
545341, Randal Grichuk,2020,543.25,378,0.24425,0.23525,0.009,0.45175,0.421,0.03075,0.30475,0.01075,0.3155,0.336,-0.414180392,0.757652357
545361, Mike Trout,2019.666667,569,335,0.295333333,0.289666667,0.005666667,0.634333333,0.621,0.013333333,0.429666667,0.004,0.433666667,0.368,3.403537547,-2.179345284
547180, Bryce Harper,2020,600.5,359.75,0.276,0.28125,-0.00525,0.53375,0.5505,-0.01675,0.397,-0.01175,0.38525,0.367,1.839296276,-0.642626523
547989, Jose Abreu,2020,646,454,0.2785,0.276,0.0025,0.47575,0.48825,-0.0125,0.359,-0.01,0.349,0.278,0.668134567,-1.920968139
553869, Elias Diaz,2020,340.25,254.25,0.25025,0.24725,0.003,0.39775,0.38075,0.017,0.3025,0.00225,0.30475,0.317,-0.761490416,0.582034705
553993, Eugenio Suarez,2020,617.75,368.5,0.247,0.23925,0.00775,0.49625,0.481,0.01525,0.34825,0.0035,0.35175,0.316,0.756981317,-0.963959537
570482, Gio Urshela,2020.666667,489.6666667,361,0.288666667,0.268333333,0.020333333,0.460666667,0.442666667,0.018,0.325,0.011666667,0.336666667,0.307,0.269670353,-0.724351157
571448, Nolan Arenado,2020,652,492.75,0.29,0.26275,0.02725,0.54275,0.4555,0.08725,0.3365,0.0385,0.375,0.35,1.508140206,-0.779353111
571657, Kyle Farmer,2021.5,556,413.5,0.259,0.255,0.004,0.401,0.3815,0.0195,0.3065,0.006,0.3125,0.297,-0.511104119,-0.218801777
571771, Enrique Hernandez,2020,477.25,338.25,0.24125,0.24525,-0.004,0.417,0.41025,0.00675,0.32,-0.00475,0.31525,0.275,-0.422257369,-0.913143731
571970, Max Muncy,2020,556.75,328.75,0.23975,0.24925,-0.0095,0.502,0.51225,-0.01025,0.38075,-0.01175,0.369,0.34,1.314292751,-0.860730749
572191, Michael A. Taylor,2020.333333,456.3333333,298.3333333,0.241666667,0.226333333,0.015333333,0.356666667,0.361,-0.004333333,0.286,0.001666667,0.287666667,0.299,-1.313417198,0.63855632
572233, Christian Walker,2020.666667,571.6666667,377,0.248333333,0.256,-0.007666667,0.445,0.462,-0.017,0.344666667,-0.012666667,0.332,0.369,0.11890011,1.132814661
573262, Mike Yastrzemski,2020.666667,500.3333333,320,0.236666667,0.231,0.005666667,0.455666667,0.442333333,0.013333333,0.324666667,0.004,0.328666667,0.322,0.01120708,-0.053050244
575929, Willson Contreras,2020,480.75,302.75,0.25025,0.24025,0.01,0.45675,0.4385,0.01825,0.34,0.00575,0.34575,0.346,0.563133862,0.055563196
592178, Kris Bryant,2019.333333,559,355,0.273,0.251666667,0.021333333,0.487333333,0.449666667,0.037666667,0.347333333,0.017333333,0.364666667,0.319,1.174291811,-1.298702503
592192, Mark Canha,2020,518.75,336.5,0.25475,0.24275,0.012,0.439,0.41325,0.02575,0.33875,0.01025,0.349,0.318,0.668134567,-0.820067768
592206, Nick Castellanos,2020,621.25,439.75,0.28975,0.2795,0.01025,0.4975,0.499,-0.0015,0.3535,0.00025,0.35375,0.331,0.821597136,-0.615737717
592273, Brandon Drury,2020.5,507.5,352,0.2405,0.244,-0.0035,0.436,0.4215,0.0145,0.311,-0.0005,0.3105,0.339,-0.575719938,1.001759431
592450, Aaron Judge,2020,568.5,325.25,0.287,0.29,-0.003,0.5745,0.5995,-0.025,0.41775,-0.01325,0.4045,0.418,2.461223528,0.139094198
592518, Manny Machado,2020,663.5,478.75,0.28225,0.275,0.00725,0.505,0.487,0.018,0.3565,0.0045,0.361,0.33,1.055829477,-0.877492568
592626, Joc Pederson,2020,467.75,314,0.25225,0.2495,0.00275,0.50075,0.46625,0.0345,0.344,0.007,0.351,0.341,0.732750385,-0.251665874
592663, J.T. Realmuto,2020,555.25,384.75,0.27275,0.268,0.00475,0.4735,0.455,0.0185,0.343,0.00275,0.34575,0.328,0.563133862,-0.439841971
592669, Hunter Renfroe,2020,507.25,336.5,0.2445,0.24,0.0045,0.4965,0.4655,0.031,0.329,0.00825,0.33725,0.318,0.288516634,-0.440449835
592696, Eddie Rosario,2020,466,362.25,0.25875,0.23925,0.0195,0.4355,0.41575,0.01975,0.2995,0.01125,0.31075,0.34,-0.56764296,1.021204963
592885, Christian Yelich,2020,594.25,380,0.28875,0.28075,0.008,0.50625,0.493,0.01325,0.37625,0.003,0.37925,0.357,1.64544882,-0.72400416
593160, Whit Merrifield,2020,678,521.25,0.28325,0.266,0.01725,0.41775,0.3995,0.01825,0.314,0.00825,0.32225,0.328,-0.196102004,0.319393896
593428, Xander Bogaerts,2020,628,446,0.29975,0.272,0.02775,0.5065,0.4545,0.052,0.35,0.0235,0.3735,0.32,1.459678342,-1.556566526
595281, Kevin Kiermaier,2019.333333,412.3333333,281,0.234666667,0.229333333,0.005333333,0.385333333,0.342666667,0.042666667,0.282666667,0.009333333,0.292,0.327,-1.173416258,1.26918564
595777, Jurickson Profar,2020,545.5,399,0.2355,0.2475,-0.012,0.39475,0.37675,0.018,0.317,-0.00325,0.31375,0.301,-0.470719233,-0.149096627
595879, Javier Baez,2020,585.75,388.25,0.2685,0.2505,0.018,0.493,0.46075,0.03225,0.3225,0.0145,0.337,0.26,0.280439656,-2.028678396
596019, Francisco Lindor,2020,657.25,484,0.26525,0.2675,-0.00225,0.4745,0.46325,0.01125,0.34575,-0.00175,0.344,0.346,0.506595021,0.112102037
596129, Daniel Vogelbach,2020.666667,425.6666667,248.6666667,0.221666667,0.232666667,-0.011,0.417666667,0.419333333,-0.001666667,0.344,-0.008333333,0.335666667,0.323,0.237362444,-0.251683099
596142, Gary Sanchez,2020,432.75,263.25,0.20675,0.23,-0.02325,0.43275,0.48175,-0.049,0.34375,-0.03025,0.3135,0.325,-0.47879621,0.519520573
596146, Max Kepler,2020,535.75,382,0.2285,0.25325,-0.02475,0.422,0.4315,-0.0095,0.338,-0.0185,0.3195,0.329,-0.284948755,0.435763155
600869, Jeimer Candelario,2020,524.5,341.75,0.22875,0.23575,-0.007,0.3835,0.39,-0.0065,0.312,-0.00825,0.30375,0.363,-0.793798325,1.880378041
602104, Ramon Urias,2021.5,370.5,249,0.2635,0.26,0.0035,0.413,0.4235,-0.0105,0.332,-0.005,0.327,0.309,-0.042639436,-0.356996349
605119, Brian Anderson,2020,459.25,304.25,0.25125,0.2395,0.01175,0.398,0.4035,-0.0055,0.3205,0,0.3205,0.298,-0.252640846,-0.449742542
605137, Josh Bell,2020,602.75,418.5,0.26625,0.273,-0.00675,0.4695,0.4725,-0.003,0.3605,-0.008,0.3525,0.328,0.781212249,-0.657920358
605141, Mookie Betts,2020,627.25,449,0.2935,0.28425,0.00925,0.546,0.52325,0.02275,0.38575,0.006,0.39175,0.416,2.049297686,0.495975022
605204, J.D. Davis,2020.5,409,256.5,0.2775,0.275,0.0025,0.4725,0.505,-0.0325,0.367,-0.014,0.353,0.319,0.797366204,-0.921776896
605612, Harold Castro,2020.666667,383.6666667,290.6666667,0.281666667,0.273333333,0.008333333,0.374666667,0.402333333,-0.027666667,0.303333333,-0.01,0.293333333,0.268,-1.130339046,-0.39771962
606115, Orlando Arcia,2019.666667,382,272,0.234333333,0.228666667,0.005666667,0.357666667,0.352,0.005666667,0.281333333,-0.000333333,0.281,0.337,-1.528803259,1.899797734
606192, Teoscar Hernandez,2020,529.25,333,0.258,0.24975,0.00825,0.48875,0.496,-0.00725,0.34375,-0.00125,0.3425,0.314,0.458133157,-0.720156396
606466, Ketel Marte,2020,535,401.5,0.28675,0.27875,0.008,0.492,0.44775,0.04425,0.3455,0.01375,0.35925,0.355,0.999290636,-0.132890995
606992, Eric Haase,2021.5,366,231.5,0.2425,0.2365,0.006,0.451,0.43,0.021,0.312,0.007,0.319,0.233,-0.301102709,-2.190243781
607043, Brandon Nimmo,2020.333333,531.3333333,337,0.276333333,0.258333333,0.018,0.451,0.399666667,0.051333333,0.348333333,0.020666667,0.369,0.353,1.314292751,-0.502938128
607054, Jace Peterson,2020.333333,292,185,0.227666667,0.223333333,0.004333333,0.357666667,0.349,0.008666667,0.302666667,0.000666667,0.303333333,0.277,-0.807259954,-0.473096128
607208, Trea Turner,2020,665.75,490,0.29875,0.283,0.01575,0.47875,0.44675,0.032,0.34325,0.0125,0.35575,0.304,0.886212954,-1.423461285
608070, Jose Ramirez,2020,640.25,479,0.26775,0.2665,0.00125,0.52075,0.462,0.05875,0.35075,0.01425,0.365,0.345,1.185061114,-0.593886565
608324, Alex Bregman,2020,612.75,442.75,0.27775,0.26125,0.0165,0.5,0.4375,0.0625,0.356,0.021,0.377,0.345,1.572756025,-0.981581476
608369, Corey Seager,2020.666667,537.6666667,393.3333333,0.274333333,0.278333333,-0.004,0.486333333,0.499666667,-0.013333333,0.365,-0.011666667,0.353333333,0.44,0.808135507,2.397677423
608671, Travis Jankowski,2018,387,276,0.259,0.235,0.024,0.346,0.286,0.06,0.276,0.027,0.303,0.327,-0.818029257,0.913798639
608841, Joey Meneses,2022,240,172,0.324,0.267,0.057,0.563,0.457,0.106,0.332,0.063,0.395,0.326,2.15429839,-2.086051518
621020, Dansby Swanson,2020,606.75,405.25,0.2535,0.2525,0.001,0.42825,0.439,-0.01075,0.325,-0.00775,0.31725,0.338,-0.357641551,0.756158534
621028, Kevin Newman,2020.666667,464.6666667,387.3333333,0.269333333,0.262666667,0.006666667,0.375666667,0.345333333,0.030333333,0.287666667,0.009333333,0.297,0.296,-1.011876712,0.254448306
621035, Chris Taylor,2020,513.5,302.25,0.24775,0.226,0.02175,0.42925,0.38775,0.0415,0.3065,0.019,0.3255,0.314,-0.0911013,-0.170921939
621043, Carlos Correa,2020,504.75,340.25,0.272,0.27075,0.00125,0.48125,0.4725,0.00875,0.3585,-0.00375,0.35475,0.307,0.853905045,-1.308585848
621439, Byron Buxton,2020.666667,310.3333333,201.3333333,0.264,0.262,0.002,0.562,0.513,0.049,0.356666667,0.015,0.371666667,0.311,1.400447176,-1.745037942
621493, Taylor Ward,2021.5,400.5,268,0.2655,0.2635,0.002,0.4555,0.4635,-0.008,0.3525,-0.005,0.3475,0.329,0.619672703,-0.468858303
621563, Joey Wendle,2020,420,312,0.26375,0.25125,0.0125,0.38925,0.349,0.04025,0.29,0.01475,0.30475,0.257,-0.761490416,-1.069315852
621566, Matt Olson,2020,644.75,419.5,0.25625,0.26,-0.00375,0.50375,0.5115,-0.00775,0.3675,-0.00975,0.35775,0.403,0.950828772,1.236651314
622534, Manuel Margot,2020,446.75,333.75,0.25175,0.251,0.00075,0.382,0.3625,0.0195,0.2965,0.00175,0.29825,0.287,-0.971491825,-0.033639164
622761, Jorge Mateo,2022,533,352,0.221,0.222,-0.001,0.379,0.344,0.035,0.272,0.009,0.281,0.261,-1.528803259,-0.191912971
623912, Harold Ramirez,2020.666667,414,317.3333333,0.281333333,0.266666667,0.014666667,0.406,0.392666667,0.013333333,0.304333333,0.008,0.312333333,0.345,-0.516488771,1.10766332
623993, Anthony Santander,2020.666667,496.6666667,355,0.247333333,0.262,-0.014666667,0.454666667,0.459,-0.004333333,0.333,-0.011666667,0.321333333,0.335,-0.225717588,0.541667044
624413, Pete Alonso,2020.666667,671.6666667,444.3333333,0.264333333,0.263333333,0.001,0.54,0.526333333,0.013666667,0.37,0.001,0.371,0.361,1.378908569,-0.347373872
624414, Christian Arroyo,2022,300,235,0.286,0.292,-0.006,0.414,0.43,-0.016,0.33,-0.011,0.319,0.274,-0.301102709,-1.0618209
624424, Michael Conforto,2019.333333,588.3333333,365.6666667,0.244,0.252,-0.008,0.442,0.456333333,-0.014333333,0.353333333,-0.012666667,0.340666667,0.324,0.39890199,-0.385700136
624428, Adam Frazier,2020,550.25,435.25,0.2745,0.273,0.0015,0.39875,0.37775,0.021,0.3145,0.005,0.3195,0.307,-0.284948755,-0.169732049
624585, Jorge Soler,2020,461,282.75,0.24,0.2485,-0.0085,0.46675,0.49125,-0.0245,0.3565,-0.0165,0.34,0.355,0.377363384,0.489036258
624641, Edmundo Sosa,2021,326,228,0.271,0.266,0.005,0.389,0.394,-0.005,0.326,-0.004,0.322,0.312,-0.204178982,-0.112889275
628451, Andy Ibanez,2021,272,220,0.277,0.264,0.013,0.435,0.415,0.02,0.32,0.005,0.325,0.303,-0.107255254,-0.457515587
630105, Jake Cronenworth,2021.5,663.5,473.5,0.2525,0.2485,0.004,0.425,0.3995,0.0255,0.3235,0.006,0.3295,0.303,0.038130337,-0.602901178
641313, Tim Anderson,2020,506.5,375,0.29625,0.27475,0.0215,0.4445,0.426,0.0185,0.3175,0.01375,0.33125,0.255,0.094669178,-1.980520464
641355, Cody Bellinger,2020,548.25,362,0.235,0.2445,-0.0095,0.4475,0.44475,0.00275,0.329,-0.009,0.32,0.387,-0.2687948,2.015914739
641487, J.P. Crawford,2020.666667,562,407.6666667,0.247333333,0.248333333,-0.001,0.361,0.336666667,0.024333333,0.301666667,0.003666667,0.305333333,0.348,-0.742644135,1.416386212
641584, Jake Fraley,2022,247,164,0.259,0.248,0.011,0.468,0.417,0.051,0.333,0.019,0.352,0.349,0.765058294,-0.063793709
641680, Jonah Heim,2021.5,367.5,266,0.2115,0.227,-0.0155,0.3785,0.3665,0.012,0.288,-0.007,0.281,0.336,-1.528803259,1.872275225
641820, Trey Mancini,2020,629.5,425.25,0.25675,0.25975,-0.003,0.4435,0.44975,-0.00625,0.3395,-0.00975,0.32975,0.28,0.046207315,-1.243995869
641857, Ryan McMahon,2020.666667,577.3333333,360.6666667,0.25,0.244666667,0.005333333,0.437666667,0.426,0.011666667,0.326666667,0.003333333,0.33,0.342,0.054284292,0.454322729
642086, Dominic Smith,2021,493,340,0.244,0.262,-0.018,0.363,0.42,-0.057,0.325,-0.034,0.291,0.305,-1.205724167,0.695998345
642133, Rowdy Tellez,2020.666667,444.3333333,300.3333333,0.229333333,0.255666667,-0.026333333,0.441333333,0.475666667,-0.034333333,0.341333333,-0.027666667,0.313666667,0.289,-0.473411559,-0.476674412
642350, Jose Siri,2022,325,194,0.213,0.207,0.006,0.339,0.323,0.016,0.261,0.007,0.268,0.326,-1.948806079,2.017052952
642708, Amed Rosario,2020,626.25,475.5,0.277,0.27025,0.00675,0.40625,0.38675,0.0195,0.30425,0.00425,0.3085,0.295,-0.640335756,-0.144615159
642715, Willy Adames,2020,519.75,330.25,0.258,0.2345,0.0235,0.44075,0.4195,0.02125,0.31325,0.0155,0.32875,0.3,0.013899405,-0.661237774
642731, Thairo Estrada,2022,541,405,0.26,0.246,0.014,0.4,0.352,0.048,0.299,0.018,0.317,0.33,-0.365718528,0.544055438
643217, Andrew Benintendi,2020,583.75,421,0.284,0.2695,0.0145,0.43425,0.442,-0.00775,0.33925,0,0.33925,0.307,0.353132452,-0.807813256
643265, Garrett Cooper,2020.5,445,286.5,0.271,0.265,0.006,0.4305,0.4515,-0.021,0.343,-0.0095,0.3335,0.314,0.167361974,-0.429385213
643289, Mauricio Dubon,2022,265,221,0.214,0.24,-0.026,0.313,0.331,-0.018,0.272,-0.024,0.248,0.293,-2.594964263,1.75496833
643376, Danny Jansen,2020.5,316,223,0.2335,0.252,-0.0185,0.438,0.463,-0.025,0.339,-0.0195,0.3195,0.32,-0.284948755,0.188060572
643393, Tony Kemp,2020,382,285.5,0.24725,0.22225,0.025,0.381,0.307,0.074,0.28225,0.03025,0.3125,0.275,-0.511104119,-0.824296981
643396, Isiah Kiner-Falefa,2020,456.5,355.5,0.25775,0.2515,0.00625,0.34075,0.325,0.01575,0.28325,0.0045,0.28775,0.3,-1.310724872,0.663386504
643446, Jeff McNeil,2020,457.5,361.75,0.306,0.2735,0.0325,0.454,0.412,0.042,0.32825,0.02625,0.3545,0.309,0.845828068,-1.245463853
643565, Mike Tauchman,2019,296,190,0.277,0.246,0.031,0.504,0.407,0.097,0.322,0.042,0.364,0.343,1.152753205,-0.616623675
645277, Ozzie Albies,2020,585.25,442.75,0.2655,0.25525,0.01025,0.46225,0.431,0.03125,0.3175,0.01225,0.32975,0.354,0.046207315,0.792669818
646240, Rafael Devers,2020,617.5,439.5,0.28125,0.276,0.00525,0.51175,0.49975,0.012,0.3565,0.00175,0.35825,0.367,0.966982727,0.229687026
647304, Josh Naylor,2020.666667,342.3333333,250.6666667,0.252666667,0.249666667,0.003,0.418,0.409,0.009,0.312,0.001,0.313,0.354,-0.494950165,1.333827297
649557, Aledmys Diaz,2020,336.25,259.5,0.259,0.2655,-0.0065,0.432,0.42125,0.01075,0.32525,-0.00575,0.3195,0.27,-0.284948755,-1.188064892
650333, Luis Arraez,2020.666667,482.6666667,397.6666667,0.314666667,0.29,0.024666667,0.411666667,0.408333333,0.003333333,0.334666667,0.009,0.343666667,0.368,0.495825718,0.728366544
650391, Eloy Jimenez,2020.666667,354,239,0.270333333,0.258333333,0.012,0.483333333,0.490666667,-0.007333333,0.345666667,-0.002333333,0.343333333,0.331,0.485056415,-0.279196996
650402, Gleyber Torres,2020,544,375.25,0.26625,0.255,0.01125,0.458,0.45425,0.00375,0.332,0.0035,0.3355,0.332,0.231977793,0.001404136
650489, Willi Castro,2021.5,421,298.5,0.2305,0.2525,-0.022,0.359,0.3515,0.0075,0.2905,-0.0125,0.278,0.305,-1.625726987,1.116001165
650490, Yandy Diaz,2020.666667,482,349.3333333,0.273,0.273666667,-0.000666667,0.428666667,0.436333333,-0.007666667,0.350666667,-0.006666667,0.344,0.393,0.506595021,1.405659973
650559, Bryan De La Cruz,2022,355,243,0.252,0.287,-0.035,0.432,0.498,-0.066,0.355,-0.042,0.313,0.312,-0.494950165,0.177881907
650859, Luis Rengifo,2020.5,458.5,339.5,0.251,0.2445,0.0065,0.3965,0.3795,0.017,0.301,0.005,0.306,0.309,-0.721105529,0.321469744
656305, Matt Chapman,2020,632.25,387.75,0.2415,0.23775,0.00375,0.4625,0.44925,0.01325,0.33975,0.0015,0.34125,0.336,0.41774827,-0.074276305
656582, Connor Joe,2022,467,308,0.238,0.241,-0.003,0.359,0.34,0.019,0.311,0.003,0.314,0.34,-0.462642255,0.916204258
656775, Cedric Mullins,2021.5,673.5,485,0.2745,0.252,0.0225,0.4605,0.398,0.0625,0.316,0.0275,0.3435,0.332,0.490441066,-0.257059138
656811, Ryan O'Hearn,2020,312,199.5,0.21,0.2325,-0.0225,0.369,0.406,-0.037,0.3035,-0.0275,0.276,0.355,-1.690342805,2.556742447
656896, Emmanuel Rivera,2022,359,248,0.233,0.238,-0.005,0.409,0.41,-0.001,0.31,-0.004,0.306,0.3,-0.721105529,0.073767161
656941, Kyle Schwarber,2020,565,330.75,0.243,0.25275,-0.00975,0.514,0.53175,-0.01775,0.375,-0.01325,0.36175,0.331,1.080060409,-0.87420099
657041, Lane Thomas,2021.5,406,267.5,0.238,0.228,0.01,0.408,0.3695,0.0385,0.304,0.014,0.318,0.348,-0.333410619,1.007152695
657077, Alex Verdugo,2020.666667,541.6666667,422,0.287666667,0.283666667,0.004,0.435333333,0.442333333,-0.007,0.336,-0.004666667,0.331333333,0.333,0.097361504,0.163542933
657557, Paul DeJong,2019.333333,518.6666667,337.6666667,0.223666667,0.227333333,-0.003666667,0.422333333,0.435333333,-0.013,0.323,-0.011,0.312,0.277,-0.527258074,-0.753098008
657656, Ramon Laureano,2020.666667,414,268.6666667,0.248333333,0.244,0.004333333,0.446666667,0.448333333,-0.001666667,0.328,-0.002333333,0.325666667,0.274,-0.085716648,-1.277206962
657757, Gavin Sheets,2022,410,294,0.241,0.224,0.017,0.411,0.359,0.052,0.283,0.025,0.308,0.278,-0.656489711,-0.596343862
660162, Yoan Moncada,2020,564.5,344,0.25625,0.2435,0.01275,0.42825,0.42525,0.003,0.3245,0.0035,0.328,0.272,-0.010331527,-1.407637102
660271, Shohei Ohtani,2020,524,320.25,0.27525,0.27325,0.002,0.545,0.5475,-0.0025,0.3805,-0.00425,0.37625,0.434,1.548525093,1.492152781
660670, Ronald Acuna Jr.,2020,523.75,328.25,0.2805,0.27925,0.00125,0.51975,0.549,-0.02925,0.38975,-0.01375,0.376,0.42,1.540448116,1.114914629
660688, Keibert Ruiz,2022,433,347,0.251,0.277,-0.026,0.36,0.403,-0.043,0.328,-0.029,0.299,0.317,-0.947260894,0.767805183
660821, Jesus Sanchez,2021.5,297,186,0.2325,0.235,-0.0025,0.446,0.431,0.015,0.3175,0.001,0.3185,0.342,-0.317256664,0.825863685
661388, William Contreras,2022,376,232,0.278,0.243,0.035,0.506,0.479,0.027,0.347,0.023,0.37,0.344,1.34660066,-0.782948621
662139, Daulton Varsho,2021.5,453.5,305.5,0.2405,0.2305,0.01,0.44,0.4095,0.0305,0.3105,0.012,0.3225,0.294,-0.188025027,-0.624448397
663457, Lars Nootbaar,2022,347,224,0.228,0.247,-0.019,0.448,0.414,0.034,0.346,-0.004,0.342,0.363,0.441979202,0.644600513
663538, Nico Hoerner,2022,517,426,0.281,0.27,0.011,0.41,0.367,0.043,0.301,0.019,0.32,0.321,-0.2687948,0.199429126
663586, Austin Riley,2020.666667,550.6666667,349.6666667,0.267333333,0.259666667,0.007666667,0.51,0.500666667,0.009333333,0.351,0.003333333,0.354333333,0.352,0.840443416,-0.056611302
663611, Nick Madrigal,2021.5,221.5,184,0.277,0.2595,0.0175,0.3535,0.3195,0.034,0.286,0.015,0.301,0.314,-0.882645075,0.620621836
663624, Ryan Mountcastle,2021.5,597.5,394,0.2525,0.261,-0.0085,0.455,0.483,-0.028,0.344,-0.0185,0.3255,0.337,-0.0911013,0.462095774
663647, Ke'Bryan Hayes,2021.5,478,331,0.2505,0.2495,0.001,0.359,0.3615,-0.0025,0.301,-0.0035,0.2975,0.304,-0.995722757,0.458474426
663656, Kyle Tucker,2021.5,588,436,0.2755,0.2825,-0.007,0.5175,0.529,-0.0115,0.3745,-0.009,0.3655,0.38,1.201215069,0.353247305
663697, Jonathan India,2021.5,531,344,0.259,0.246,0.013,0.4185,0.3945,0.024,0.3265,0.012,0.3385,0.326,0.32890152,-0.260654648
663728, Cal Raleigh,2022,415,253,0.211,0.216,-0.005,0.489,0.461,0.028,0.324,0.006,0.33,0.326,0.054284292,0.013962581
663743, Nick Fortes,2022,240,172,0.23,0.249,-0.019,0.392,0.398,-0.006,0.319,-0.011,0.308,0.25,-0.656489711,-1.366974122
663757, Trent Grisham,2021.5,525.5,329,0.213,0.223,-0.01,0.377,0.363,0.014,0.3025,-0.0025,0.3,0.308,-0.914952984,0.48779469
663837, Matt Vierling,2022,357,261,0.246,0.275,-0.029,0.351,0.404,-0.053,0.324,-0.039,0.285,0.31,-1.399571623,1.027458347
663886, Tyler Stephenson,2021,402,280,0.286,0.257,0.029,0.431,0.391,0.04,0.324,0.022,0.346,0.302,0.571210839,-1.163504189
663993, Nathaniel Lowe,2021.5,643.5,422,0.283,0.2555,0.0275,0.4535,0.43,0.0235,0.3335,0.019,0.3525,0.356,0.781212249,0.112709902
664023, Ian Happ,2020.333333,546,320.6666667,0.243333333,0.223666667,0.019666667,0.427333333,0.390666667,0.036666667,0.315,0.017,0.332,0.336,0.11890011,0.224571855
664034, Ty France,2021.5,631.5,466.5,0.2825,0.266,0.0165,0.4405,0.416,0.0245,0.3335,0.0115,0.345,0.322,0.53890293,-0.580746095
664040, Brandon Lowe,2020.666667,402.6666667,243.3333333,0.246,0.241,0.005,0.473333333,0.466666667,0.006666667,0.340333333,0.000666667,0.341,0.326,0.409671293,-0.341424421
664056, Harrison Bader,2020,386.75,252.25,0.2465,0.226,0.0205,0.401,0.3695,0.0315,0.29225,0.01675,0.309,0.287,-0.624181801,-0.380949188
664702, Myles Straw,2021.5,617,451,0.246,0.246,4.94E-17,0.3105,0.317,-0.0065,0.289,-0.005,0.284,0.273,-1.431879532,0.041433413
664728, Kyle Isbel,2022,278,184,0.211,0.22,-0.009,0.34,0.323,0.017,0.266,-0.001,0.265,0.278,-2.045729807,0.792896234
664761, Alec Bohm,2021.5,524,379.5,0.2635,0.2755,-0.012,0.37,0.414,-0.044,0.323,-0.0255,0.2975,0.33,-0.995722757,1.174059667
664774, LaMonte Wade Jr.,2021.5,316,211.5,0.23,0.2385,-0.0085,0.4205,0.441,-0.0205,0.334,-0.0135,0.3205,0.353,-0.252640846,1.063995469
664913, Seth Brown,2021.5,431,274.5,0.222,0.238,-0.016,0.462,0.458,0.004,0.328,-0.009,0.319,0.296,-0.301102709,-0.456325696
664983, Jake McCarthy,2022,354,249,0.283,0.249,0.034,0.427,0.357,0.07,0.298,0.039,0.337,0.295,0.280439656,-1.065390571
665161, Jeremy Pena,2022,558,392,0.253,0.248,0.005,0.426,0.397,0.029,0.3,0.009,0.309,0.298,-0.624181801,-0.078201586
665487, Fernando Tatis Jr.,2020,459,278,0.2995,0.2675,0.032,0.6005,0.553,0.0475,0.377,0.0235,0.4005,0.338,2.331991891,-1.933474907
665489, Vladimir Guerrero Jr.,2020.666667,639.3333333,465.6666667,0.285666667,0.279666667,0.006,0.504666667,0.494666667,0.01,0.364333333,0.002,0.366333333,0.338,1.228138326,-0.829621343
665742, Juan Soto,2020,617.75,393.5,0.28225,0.2795,0.00275,0.51275,0.526,-0.01325,0.40275,-0.00725,0.3955,0.379,2.170452345,-0.643512481
665750, Leody Taveras,2022,341,230,0.261,0.226,0.035,0.366,0.318,0.048,0.267,0.03,0.297,0.308,-1.011876712,0.584718418
665862, Jazz Chisholm Jr.,2021.5,374,237,0.251,0.24,0.011,0.48,0.441,0.039,0.326,0.0125,0.3385,0.32,0.32890152,-0.425789703
665926, Andres Gimenez,2022,557,386,0.297,0.257,0.04,0.466,0.4,0.066,0.326,0.038,0.364,0.308,1.152753205,-1.579911499
666135, Alex Kirilloff,2021,231,164,0.251,0.291,-0.04,0.423,0.538,-0.115,0.366,-0.059,0.307,0.347,-0.68879762,1.335017187
666182, Bo Bichette,2021.5,693.5,503,0.294,0.2845,0.0095,0.4765,0.4665,0.01,0.3445,0.006,0.3505,0.363,0.716596431,0.369983285
666185, Dylan Carlson,2021.5,553.5,370.5,0.251,0.2405,0.0105,0.4085,0.381,0.0275,0.3115,0.0095,0.321,0.293,-0.236486891,-0.603509042
666624, Christopher Morel,2022,425,247,0.235,0.233,0.002,0.433,0.435,-0.002,0.324,-0.002,0.322,0.342,-0.204178982,0.712786003
666969, Adolis Garcia,2021.5,639.5,409.5,0.2465,0.232,0.0145,0.455,0.4345,0.0205,0.3105,0.0085,0.319,0.355,-0.301102709,1.167502351
666971, Lourdes Gurriel Jr.,2020,410,300.5,0.28125,0.266,0.01525,0.46325,0.45375,0.0095,0.33025,0.00475,0.335,0.327,0.215823838,-0.120054456
668227, Randy Arozarena,2021.5,624.5,398,0.2685,0.228,0.0405,0.452,0.3755,0.0765,0.3025,0.0405,0.343,0.351,0.474287112,0.282022493
668731, Akil Baddoo,2021,461,294,0.259,0.227,0.032,0.436,0.403,0.033,0.309,0.02,0.329,0.3,0.021976383,-0.669314751
668804, Bryan Reynolds,2020.666667,602,406.6666667,0.292666667,0.278666667,0.014,0.495333333,0.471,0.024333333,0.358,0.010333333,0.368333333,0.342,1.292754145,-0.784147124
668939, Adley Rutschman,2022,470,315,0.254,0.248,0.006,0.445,0.411,0.034,0.342,0.012,0.354,0.347,0.829674113,-0.183454546
668942, Josh Rojas,2021.5,530,353,0.2665,0.2355,0.031,0.401,0.3565,0.0445,0.3,0.0265,0.3265,0.271,-0.05879339,-1.386697747
669004, MJ Melendez,2022,534,336,0.217,0.237,-0.02,0.393,0.41,-0.017,0.332,-0.022,0.31,0.304,-0.591873892,0.054625561
669016, Brandon Marsh,2022,461,272,0.245,0.226,0.019,0.384,0.372,0.012,0.287,0.009,0.296,0.357,-1.044184621,1.965629281
669221, Sean Murphy,2021.5,530,350,0.233,0.2475,-0.0145,0.4155,0.44,-0.0245,0.3405,-0.0205,0.32,0.388,-0.2687948,2.043437248
669222, Nick Senzel,2020.5,417,287.5,0.2435,0.244,-0.0005,0.3665,0.381,-0.0145,0.302,-0.0085,0.2935,0.288,-1.124954394,0.147345914
669242, Tommy Edman,2020.666667,556.6666667,428.3333333,0.277,0.271666667,0.005333333,0.429,0.407333333,0.021666667,0.318333333,0.007,0.325333333,0.311,-0.096485951,-0.248104815
669257, Will Smith,2021.5,539.5,370,0.259,0.2535,0.0055,0.48,0.4725,0.0075,0.358,-0.0015,0.3565,0.36,0.910443886,0.093568302
669261, Jack Suwinski,2022,372,213,0.202,0.204,-0.002,0.411,0.393,0.018,0.307,0.004,0.311,0.335,-0.559565983,0.875515439
669289, Santiago Espinal,2021.5,368.5,289,0.289,0.265,0.024,0.3875,0.347,0.0405,0.3025,0.022,0.3245,0.265,-0.123409209,-1.487216984
669357, Nolan Gorman,2022,313,180,0.226,0.239,-0.013,0.42,0.476,-0.056,0.341,-0.025,0.316,0.348,-0.398026437,1.071768514
669397, Nick Allen,2022,326,242,0.207,0.21,-0.003,0.291,0.266,0.025,0.238,0.007,0.245,0.226,-2.691887991,0.007883936
669720, Austin Hays,2021.5,555.5,404.5,0.253,0.2425,0.0105,0.437,0.402,0.035,0.307,0.014,0.321,0.332,-0.236486891,0.469868819
670032, Nicky Lopez,2020.666667,482.3333333,384.6666667,0.255666667,0.235,0.020666667,0.325333333,0.299666667,0.025666667,0.266,0.014,0.28,0.301,-1.561111169,0.941295309
670541, Yordan Alvarez,2020.666667,509.3333333,329,0.298666667,0.298666667,0.000001,0.599666667,0.613,-0.013333333,0.420333333,-0.011,0.409333333,0.395,2.617378422,-0.65007841
670623, Isaac Paredes,2022,381,266,0.205,0.21,-0.005,0.435,0.348,0.087,0.297,0.026,0.323,0.37,-0.171871073,1.451108353
670764, Taylor Walls,2022,466,291,0.172,0.196,-0.024,0.285,0.304,-0.019,0.27,-0.018,0.252,0.301,-2.465732626,1.845916767
670770, TJ Friedl,2022,258,191,0.24,0.215,0.025,0.436,0.335,0.101,0.283,0.04,0.323,0.336,-0.171871073,0.515343038
671277, Luis Garcia,2021.5,312,237,0.2585,0.2505,0.008,0.4095,0.3875,0.022,0.292,0.005,0.297,0.283,-1.011876712,-0.103344314
671739, Michael Harris II,2022,441,308,0.297,0.268,0.029,0.514,0.46,0.054,0.335,0.033,0.368,0.333,1.281984842,-1.021080404
672284, Jarred Kelenic,2021,377,232,0.181,0.223,-0.042,0.35,0.413,-0.063,0.314,-0.044,0.27,0.324,-1.884190261,1.897392115
672386, Alejandro Kirk,2022,541,416,0.285,0.278,0.007,0.415,0.431,-0.016,0.351,-0.004,0.347,0.298,0.603518748,-1.305902136
672695, Geraldo Perdomo,2022,500,342,0.195,0.213,-0.018,0.262,0.282,-0.02,0.269,-0.016,0.253,0.341,-2.433424717,2.914509229
673357, Luis Robert Jr.,2021.5,348.5,260,0.311,0.287,0.024,0.4965,0.4975,-0.001,0.3545,0.007,0.3615,0.367,1.071983432,0.124686321
673490, Ha-Seong Kim,2021.5,440,312.5,0.2265,0.2295,-0.003,0.3675,0.3385,0.029,0.287,0.0045,0.2915,0.356,-1.189570213,2.083492363
673548, Seiya Suzuki,2022,446,290,0.262,0.247,0.015,0.433,0.418,0.015,0.326,0.008,0.334,0.329,0.183515929,-0.032701528
676801, Chas McCormick,2021.5,363.5,220.5,0.251,0.228,0.023,0.427,0.419,0.008,0.318,0.0085,0.3265,0.386,-0.05879339,1.778390819
677551, Wander Franco,2021.5,326,265,0.2825,0.2805,0.002,0.44,0.4075,0.0325,0.33,0.0055,0.3355,0.349,0.231977793,0.469286793
677594, Julio Rodriguez,2022,560,367,0.284,0.254,0.03,0.509,0.46,0.049,0.337,0.029,0.366,0.343,1.217369023,-0.681239493
677649, Ezequiel Duran,2022,220,154,0.236,0.216,0.02,0.365,0.317,0.048,0.256,0.026,0.282,0.347,-1.49649535,2.142714917
677950, Alek Thomas,2022,411,312,0.231,0.238,-0.007,0.344,0.335,0.009,0.277,-0.005,0.272,0.301,-1.819574442,1.199758583
677951, Bobby Witt Jr.,2022,632,461,0.254,0.252,0.002,0.428,0.427,0.001,0.313,-0.002,0.311,0.345,-0.559565983,1.150740532
679529, Spencer Torkelson,2022,404,263,0.203,0.226,-0.023,0.319,0.378,-0.059,0.305,-0.033,0.272,0.33,-1.819574442,1.997911352
680757, Steven Kwan,2022,638,509,0.298,0.268,0.03,0.4,0.341,0.059,0.312,0.029,0.341,0.317,0.409671293,-0.589127004
680911, Owen Miller,2022,472,340,0.243,0.246,-0.003,0.351,0.341,0.01,0.291,-0.004,0.287,0.294,-1.334955804,0.52248238
680977, Brendan Donovan,2022,468,324,0.281,0.266,0.015,0.379,0.365,0.014,0.339,0.01,0.349,0.345,0.668134567,-0.076960018
681082, Bryson Stott,2022,466,340,0.234,0.237,-0.003,0.358,0.34,0.018,0.284,0.005,0.289,0.339,-1.270339986,1.696379479
682928, CJ Abrams,2022,302,238,0.246,0.241,0.005,0.324,0.316,0.008,0.266,0.001,0.267,0.31,-1.981113988,1.609000712
682985, Riley Greene,2022,418,259,0.253,0.246,0.007,0.362,0.388,-0.026,0.316,-0.013,0.303,0.358,-0.818029257,1.766996426
683734, Andrew Vaughn,2021.5,512,370,0.253,0.249,0.004,0.4125,0.4245,-0.012,0.3255,-0.009,0.3165,0.325,-0.381872482,0.422596846
686469, Vinnie Pasquantino,2022,298,226,0.295,0.289,0.006,0.45,0.475,-0.025,0.374,-0.009,0.365,0.327,1.185061114,-1.089291732